exp_seed,coreset_seed,ablation_variant,mode,fusion_alpha,acc,macro_f1,auc_macro
42,42,A: Backbone Only,backbone_only,0.7,0.3559,0.3267,0.5612
42,42,B: + BiLSTM,backbone_lstm,0.7,0.4136,0.4012,0.6978
42,42,C: + Attention,backbone_attn,0.7,0.3932,0.3778,0.6801
42,42,D: Full CRNN,full,0.7,0.4576,0.4689,0.7356
42,123,A: Backbone Only,backbone_only,0.7,0.3492,0.3201,0.5534
42,123,B: + BiLSTM,backbone_lstm,0.7,0.4068,0.3945,0.6912
42,123,C: + Attention,backbone_attn,0.7,0.3864,0.3712,0.6723
42,123,D: Full CRNN,full,0.7,0.4441,0.4556,0.7223
123,42,A: Backbone Only,backbone_only,0.7,0.3525,0.3234,0.5567
123,42,B: + BiLSTM,backbone_lstm,0.7,0.4102,0.3978,0.6945
123,42,C: + Attention,backbone_attn,0.7,0.3898,0.3745,0.6778
123,42,D: Full CRNN,full,0.7,0.4644,0.4756,0.7401
123,123,A: Backbone Only,backbone_only,0.7,0.3458,0.3167,0.5467
123,123,B: + BiLSTM,backbone_lstm,0.7,0.4034,0.3912,0.6856
123,123,C: + Attention,backbone_attn,0.7,0.3831,0.3678,0.6634
123,123,D: Full CRNN,full,0.7,0.4373,0.4489,0.7267
