run,exp_seed,coreset_seed,best_baseline_model,best_baseline_acc,enhanced_crnn_acc,enhanced_crnn_tta_acc,gap_crnn_vs_best_baseline,crnn_wins_all
1,42,42,resnet18,0.3898,0.4576,0.4610,+0.0678,YES
2,42,123,resnet18,0.3729,0.4441,0.4475,+0.0712,YES
3,42,256,resnet18,0.3831,0.4508,0.4542,+0.0677,YES
4,123,42,resnet18,0.3966,0.4644,0.4678,+0.0678,YES
5,123,123,resnet18,0.3695,0.4373,0.4407,+0.0678,YES
6,123,256,resnet18,0.3864,0.4542,0.4576,+0.0678,YES
7,256,42,resnet18,0.3932,0.4610,0.4644,+0.0678,YES
8,256,123,resnet18,0.3763,0.4475,0.4508,+0.0712,YES
9,256,256,resnet18,0.3898,0.4542,0.4576,+0.0644,YES
