parameter,value
dataset,dorsar/lung-cancer (HuggingFace)
num_classes,4
classes,"adenocarcinoma, large_cell_carcinoma, squamous_cell_carcinoma, normal"
train_total,400
train_coreset_pct,5.0%
train_coreset_size,20
validation_size,72
test_size,295
experiment_seeds,"[42, 123, 256]"
coreset_seeds,"[42, 123, 256]"
runs_per_model,9
max_epochs,8
early_stopping_patience,3
device,cpu
num_baselines,6
proposed_model,Enhanced Hybrid CRNN (EfficientNet-B0 + BiLSTM + MHA + Dual-Path)
best_baseline,resnet18
best_baseline_acc_mean,0.3842
proposed_acc_mean,0.4523
proposed_tta_acc_mean,0.4557
relative_improvement,+17.7%
all_pairwise_p_values,<0.01 (**)
min_cohens_d,7.89
total_runtime_min,72.6
